<?xml version="1.0" encoding="utf-8"?>
<RSinstall type="rsformbackup">
<name>RSform backup</name>
<creationDate>2011-07-28</creationDate>
<author>admin</author>
<copyright> (C) 2011 http://localhost/maylocnuoc/</copyright>
<authorEmail>htkieuphuong@gmail.com</authorEmail>
<authorUrl>http://localhost/maylocnuoc/</authorUrl>
<version>1.2.0</version>
<description>RSform Backup</description>
<tasks>
	<task type="query"><![CDATA[INSERT INTO `#__rsform_forms` (`FormId`,`FormName`,`FormLayout`,`FormLayoutName`,`FormLayoutAutogenerate`,`FormTitle`,`Published`,`Lang`,`ReturnUrl`,`Thankyou`,`UserEmailText`,`UserEmailTo`,`UserEmailCC`,`UserEmailBCC`,`UserEmailFrom`,`UserEmailReplyTo`,`UserEmailFromName`,`UserEmailSubject`,`UserEmailMode`,`UserEmailAttach`,`UserEmailAttachFile`,`AdminEmailText`,`AdminEmailTo`,`AdminEmailCC`,`AdminEmailBCC`,`AdminEmailFrom`,`AdminEmailReplyTo`,`AdminEmailFromName`,`AdminEmailSubject`,`AdminEmailMode`,`ScriptProcess`,`ScriptProcess2`,`ScriptDisplay`) VALUES ('','addcart','<div class=\"addtitle\"><span style=\"font-size:14px; font-weight:bold; text-transform:uppercase;color:#ff0000\">{global:formtitle}</span></div>\r\n<div style=\"margin-top:2px;\">\r\n    <table border=\"0\" cellpadding=\"7\" cellspacing=\"0\">\r\n        <tbody>\r\n            <tr>\r\n                <td style=\"background-color: #f2f1ec; width: 180px; border-right: 1px solid #ffffff;\"><strong>{nameproduct:caption}</strong><span style=\"color: #ff0000;\"><sup> (*)</sup></span></td>\r\n                <td style=\"background-color: #f2f1ec;\">{nameproduct:body}\r\n                    <div class=\"formClr\"></div>\r\n                    {nameproduct:validation}</td>\r\n                <td style=\"background-color: #f2f1ec;\">{nameproduct:description}</td>\r\n            </tr>\r\n            <tr>\r\n                <td><strong>{name person:caption}</strong><span style=\"color: #ff0000;\"><sup> (*)</sup></span></td>\r\n                <td>{name person:body}\r\n                    <div class=\"formClr\"></div>\r\n                    {name person:validation}</td>\r\n                <td>{name person:description}</td>\r\n            </tr>\r\n            <tr>\r\n                <td style=\"background-color: #f2f1ec; border-right: 1px solid #ffffff;\"><strong>{Address:caption}</strong><sup><span style=\"color: #ff0000;\"> (*)</span></sup></td>\r\n                <td style=\"background-color: #f2f1ec;\">{Address:body}\r\n                    <div class=\"formClr\"></div>\r\n                    {Address:validation}</td>\r\n                <td style=\"background-color: #f2f1ec;\">{Address:description}</td>\r\n            </tr>\r\n            <tr>\r\n                <td><strong>{Phone number:caption} </strong><sup><span style=\"color: #ff0000;\">(*)</span></sup></td>\r\n                <td>{Phone number:body}\r\n                    <div class=\"formClr\"></div>\r\n                    {Phone number:validation}</td>\r\n                <td>{Phone number:description}</td>\r\n            </tr>\r\n            <tr>\r\n                <td style=\"background-color: #f2f1ec; border-right: 1px solid #ffffff;\"><strong>{Email:caption}</strong><sup><span style=\"color: #ff0000;\">(*)</span></sup></td>\r\n                <td style=\"background-color: #f2f1ec;\">{Email:body}\r\n                    <div class=\"formClr\"></div>\r\n                    {Email:validation}</td>\r\n                <td style=\"background-color: #f2f1ec;\">{Email:description}</td>\r\n            </tr>\r\n            <tr>\r\n                <td><strong>{Number product:caption} </strong><sup><span style=\"color: #ff0000;\">(*)</span></sup></td>\r\n                <td>{Number product:body}\r\n                    <div class=\"formClr\"></div>\r\n                    {Number product:validation}</td>\r\n                <td>{Number product:description}</td>\r\n            </tr>\r\n            <tr>\r\n                <td style=\"background-color: #f2f1ec; border-right: 1px solid #ffffff;\"><strong>{Payment method:caption} </strong><sup><span style=\"color: #ff0000;\">(*)</span></sup></td>\r\n                <td style=\"background-color: #f2f1ec;\">{Payment method:body}\r\n                    <div class=\"formClr\"></div>\r\n                    {Payment method:validation}</td>\r\n                <td style=\"background-color: #f2f1ec;\">{Payment method:description}</td>\r\n            </tr>\r\n            <tr>\r\n                <td><strong>{nothing:caption}</strong></td>\r\n                <td><br /></td>\r\n                <td><br /></td>\r\n            </tr>\r\n            <tr>\r\n                <td colspan=\"3\">{nothing:body}                                          {nothing:validation}</td>\r\n            </tr>\r\n            <tr>\r\n                <td>{Submit:caption}</td>\r\n                <td>{Submit:body}\r\n                    <div class=\"formClr\"></div>\r\n                    {Submit:validation}</td>\r\n                <td>{Submit:description}</td>\r\n            </tr>\r\n            <tr>\r\n                <td colspan=\"3\"><span style=\"color: #ff0000;\">(*)</span> Yêu cầu nhập thông tin bắt buộc.</td>\r\n            </tr>\r\n        </tbody>\r\n    </table>\r\n</div>\r\n<br />\r\n<div style=\"width: 100%; height: 1px; border-top: 1px solid #2D9D0B;\"></div>','inline','0','Đặt hàng','1','','','','<p>Đơn hàng từ <strong>Maylocnuoc.co</strong></p>\r\n<p><strong>- {nameproduct:caption}: </strong>{nameproduct:value}<br /><br /> <strong>- </strong><strong>{name person:caption}: </strong>{name person:value}<br /><br /><strong>- {Address:caption} :</strong> {Address:value}<br /><br /><strong>- </strong><strong>{Phone number:caption}:</strong> {Phone number:value}<br /><br /><strong>- </strong><strong>{Email:caption}: </strong>{Email:value}<strong></strong><br /><br /> <strong>- </strong><strong>{Number product:caption}: </strong>{Number product:value}<strong></strong><br /><br /> <strong>- </strong><strong>{Payment method:caption}:</strong> {Payment method:value}<strong></strong><br /><br /> <strong>- </strong><strong>{nothing:caption}: </strong>{nothing:value}<strong></strong><br /><br /> <strong></strong></p>','{Email:value}','','','sales@vietprotocol.com','','Sales Vpro','Đơn hàng từ maylocnuoc.co','1','0','D:\\AppServ\\www\\maykhoan/components/com_rsform/uploads/','<p><strong>Đơn hàng từ Maylocnuoc.co<br /></strong></p>\r\n<table style=\"width: 99%; border-collapse: collapse;\" align=\"center\" border=\"0\" cellpadding=\"5\" cellspacing=\"0\">\r\n<tbody>\r\n<tr>\r\n<td style=\"border: 1px solid #dddddd;\"><strong>{nameproduct:caption}</strong></td>\r\n<td style=\"border: 1px solid #dddddd;\">:</td>\r\n<td style=\"border: 1px solid #dddddd;\">{nameproduct:value}</td>\r\n</tr>\r\n<tr>\r\n<td style=\"border: 1px solid #dddddd;\"><strong>{name person:caption}</strong></td>\r\n<td style=\"border: 1px solid #dddddd;\">:</td>\r\n<td style=\"border: 1px solid #dddddd;\">{name person:value}</td>\r\n</tr>\r\n<tr>\r\n<td style=\"border: 1px solid #dddddd;\"><strong>{Address:caption}</strong></td>\r\n<td style=\"border: 1px solid #dddddd;\">:</td>\r\n<td style=\"border: 1px solid #dddddd;\">{Address:value}</td>\r\n</tr>\r\n<tr>\r\n<td style=\"border: 1px solid #dddddd;\"><strong>{Phone number:caption}</strong></td>\r\n<td style=\"border: 1px solid #dddddd;\">:</td>\r\n<td style=\"border: 1px solid #dddddd;\">{Phone number:value}</td>\r\n</tr>\r\n<tr>\r\n<td style=\"border: 1px solid #dddddd;\"><strong>{Email:caption}</strong></td>\r\n<td style=\"border: 1px solid #dddddd;\">:</td>\r\n<td style=\"border: 1px solid #dddddd;\">{Email:value}</td>\r\n</tr>\r\n<tr>\r\n<td style=\"border: 1px solid #dddddd;\"><strong>{Number product:caption}</strong></td>\r\n<td style=\"border: 1px solid #dddddd;\">:</td>\r\n<td style=\"border: 1px solid #dddddd;\">{Number product:value}</td>\r\n</tr>\r\n<tr>\r\n<td style=\"border: 1px solid #dddddd;\"><strong>{Payment method:caption}</strong></td>\r\n<td style=\"border: 1px solid #dddddd;\">:</td>\r\n<td style=\"border: 1px solid #dddddd;\">{Payment method:value}</td>\r\n</tr>\r\n<tr>\r\n<td style=\"border: 1px solid #dddddd;\"><strong>{nothing:caption}</strong></td>\r\n<td style=\"border: 1px solid #dddddd;\">:</td>\r\n<td style=\"border: 1px solid #dddddd;\">{nothing:value}</td>\r\n</tr>\r\n</tbody>\r\n</table>','sales@vietprotocol.com','','','{Email:value}','','{person:value}','Đơn hàng từ Maylocnuoc.co','1','','','' )]]></task>
<task type="eval" source="">$GLOBALS['q_FormId'] = $db->insertid();</task>
	<task type="query"><![CDATA[INSERT INTO `#__rsform_components` (`ComponentId`,`FormId`,`ComponentTypeId`,`Order`,`Published`) VALUES ('','{FormId}','10','0','0' )]]></task>
<task type="eval" source="">$GLOBALS['q_ComponentId'] = $db->insertid();</task>
	<task type="query"><![CDATA[INSERT INTO `#__rsform_properties` (`PropertyId`,`ComponentId`,`PropertyName`,`PropertyValue`) VALUES ('','{ComponentId}','NAME','Title' )]]></task>
	<task type="query"><![CDATA[INSERT INTO `#__rsform_properties` (`PropertyId`,`ComponentId`,`PropertyName`,`PropertyValue`) VALUES ('','{ComponentId}','TEXT','Đặt hàng' )]]></task>
	<task type="query"><![CDATA[INSERT INTO `#__rsform_components` (`ComponentId`,`FormId`,`ComponentTypeId`,`Order`,`Published`) VALUES ('','{FormId}','1','1','1' )]]></task>
<task type="eval" source="">$GLOBALS['q_ComponentId'] = $db->insertid();</task>
	<task type="query"><![CDATA[INSERT INTO `#__rsform_properties` (`PropertyId`,`ComponentId`,`PropertyName`,`PropertyValue`) VALUES ('','{ComponentId}','NAME','nameproduct' )]]></task>
	<task type="query"><![CDATA[INSERT INTO `#__rsform_properties` (`PropertyId`,`ComponentId`,`PropertyName`,`PropertyValue`) VALUES ('','{ComponentId}','CAPTION','Tên sản phẩm' )]]></task>
	<task type="query"><![CDATA[INSERT INTO `#__rsform_properties` (`PropertyId`,`ComponentId`,`PropertyName`,`PropertyValue`) VALUES ('','{ComponentId}','REQUIRED','YES' )]]></task>
	<task type="query"><![CDATA[INSERT INTO `#__rsform_properties` (`PropertyId`,`ComponentId`,`PropertyName`,`PropertyValue`) VALUES ('','{ComponentId}','SIZE','50' )]]></task>
	<task type="query"><![CDATA[INSERT INTO `#__rsform_properties` (`PropertyId`,`ComponentId`,`PropertyName`,`PropertyValue`) VALUES ('','{ComponentId}','MAXSIZE','' )]]></task>
	<task type="query"><![CDATA[INSERT INTO `#__rsform_properties` (`PropertyId`,`ComponentId`,`PropertyName`,`PropertyValue`) VALUES ('','{ComponentId}','VALIDATIONRULE','none' )]]></task>
	<task type="query"><![CDATA[INSERT INTO `#__rsform_properties` (`PropertyId`,`ComponentId`,`PropertyName`,`PropertyValue`) VALUES ('','{ComponentId}','VALIDATIONMESSAGE','Vui lòng nhập thông tin sản phẩm' )]]></task>
	<task type="query"><![CDATA[INSERT INTO `#__rsform_properties` (`PropertyId`,`ComponentId`,`PropertyName`,`PropertyValue`) VALUES ('','{ComponentId}','ADDITIONALATTRIBUTES','' )]]></task>
	<task type="query"><![CDATA[INSERT INTO `#__rsform_properties` (`PropertyId`,`ComponentId`,`PropertyName`,`PropertyValue`) VALUES ('','{ComponentId}','DEFAULTVALUE','' )]]></task>
	<task type="query"><![CDATA[INSERT INTO `#__rsform_properties` (`PropertyId`,`ComponentId`,`PropertyName`,`PropertyValue`) VALUES ('','{ComponentId}','DESCRIPTION','' )]]></task>
	<task type="query"><![CDATA[INSERT INTO `#__rsform_components` (`ComponentId`,`FormId`,`ComponentTypeId`,`Order`,`Published`) VALUES ('','{FormId}','1','2','1' )]]></task>
<task type="eval" source="">$GLOBALS['q_ComponentId'] = $db->insertid();</task>
	<task type="query"><![CDATA[INSERT INTO `#__rsform_properties` (`PropertyId`,`ComponentId`,`PropertyName`,`PropertyValue`) VALUES ('','{ComponentId}','NAME','name person' )]]></task>
	<task type="query"><![CDATA[INSERT INTO `#__rsform_properties` (`PropertyId`,`ComponentId`,`PropertyName`,`PropertyValue`) VALUES ('','{ComponentId}','CAPTION','Tên người mua' )]]></task>
	<task type="query"><![CDATA[INSERT INTO `#__rsform_properties` (`PropertyId`,`ComponentId`,`PropertyName`,`PropertyValue`) VALUES ('','{ComponentId}','REQUIRED','YES' )]]></task>
	<task type="query"><![CDATA[INSERT INTO `#__rsform_properties` (`PropertyId`,`ComponentId`,`PropertyName`,`PropertyValue`) VALUES ('','{ComponentId}','SIZE','50' )]]></task>
	<task type="query"><![CDATA[INSERT INTO `#__rsform_properties` (`PropertyId`,`ComponentId`,`PropertyName`,`PropertyValue`) VALUES ('','{ComponentId}','MAXSIZE','' )]]></task>
	<task type="query"><![CDATA[INSERT INTO `#__rsform_properties` (`PropertyId`,`ComponentId`,`PropertyName`,`PropertyValue`) VALUES ('','{ComponentId}','VALIDATIONRULE','none' )]]></task>
	<task type="query"><![CDATA[INSERT INTO `#__rsform_properties` (`PropertyId`,`ComponentId`,`PropertyName`,`PropertyValue`) VALUES ('','{ComponentId}','VALIDATIONMESSAGE','Nhập tên người mua?' )]]></task>
	<task type="query"><![CDATA[INSERT INTO `#__rsform_properties` (`PropertyId`,`ComponentId`,`PropertyName`,`PropertyValue`) VALUES ('','{ComponentId}','ADDITIONALATTRIBUTES','' )]]></task>
	<task type="query"><![CDATA[INSERT INTO `#__rsform_properties` (`PropertyId`,`ComponentId`,`PropertyName`,`PropertyValue`) VALUES ('','{ComponentId}','DEFAULTVALUE','' )]]></task>
	<task type="query"><![CDATA[INSERT INTO `#__rsform_properties` (`PropertyId`,`ComponentId`,`PropertyName`,`PropertyValue`) VALUES ('','{ComponentId}','DESCRIPTION','' )]]></task>
	<task type="query"><![CDATA[INSERT INTO `#__rsform_components` (`ComponentId`,`FormId`,`ComponentTypeId`,`Order`,`Published`) VALUES ('','{FormId}','1','3','1' )]]></task>
<task type="eval" source="">$GLOBALS['q_ComponentId'] = $db->insertid();</task>
	<task type="query"><![CDATA[INSERT INTO `#__rsform_properties` (`PropertyId`,`ComponentId`,`PropertyName`,`PropertyValue`) VALUES ('','{ComponentId}','NAME','Address' )]]></task>
	<task type="query"><![CDATA[INSERT INTO `#__rsform_properties` (`PropertyId`,`ComponentId`,`PropertyName`,`PropertyValue`) VALUES ('','{ComponentId}','CAPTION','Địa chỉ nhận hàng' )]]></task>
	<task type="query"><![CDATA[INSERT INTO `#__rsform_properties` (`PropertyId`,`ComponentId`,`PropertyName`,`PropertyValue`) VALUES ('','{ComponentId}','REQUIRED','YES' )]]></task>
	<task type="query"><![CDATA[INSERT INTO `#__rsform_properties` (`PropertyId`,`ComponentId`,`PropertyName`,`PropertyValue`) VALUES ('','{ComponentId}','SIZE','50' )]]></task>
	<task type="query"><![CDATA[INSERT INTO `#__rsform_properties` (`PropertyId`,`ComponentId`,`PropertyName`,`PropertyValue`) VALUES ('','{ComponentId}','MAXSIZE','' )]]></task>
	<task type="query"><![CDATA[INSERT INTO `#__rsform_properties` (`PropertyId`,`ComponentId`,`PropertyName`,`PropertyValue`) VALUES ('','{ComponentId}','VALIDATIONRULE','none' )]]></task>
	<task type="query"><![CDATA[INSERT INTO `#__rsform_properties` (`PropertyId`,`ComponentId`,`PropertyName`,`PropertyValue`) VALUES ('','{ComponentId}','VALIDATIONMESSAGE','Nhập địa chỉ nhận hàng?' )]]></task>
	<task type="query"><![CDATA[INSERT INTO `#__rsform_properties` (`PropertyId`,`ComponentId`,`PropertyName`,`PropertyValue`) VALUES ('','{ComponentId}','ADDITIONALATTRIBUTES','' )]]></task>
	<task type="query"><![CDATA[INSERT INTO `#__rsform_properties` (`PropertyId`,`ComponentId`,`PropertyName`,`PropertyValue`) VALUES ('','{ComponentId}','DEFAULTVALUE','' )]]></task>
	<task type="query"><![CDATA[INSERT INTO `#__rsform_properties` (`PropertyId`,`ComponentId`,`PropertyName`,`PropertyValue`) VALUES ('','{ComponentId}','DESCRIPTION','' )]]></task>
	<task type="query"><![CDATA[INSERT INTO `#__rsform_components` (`ComponentId`,`FormId`,`ComponentTypeId`,`Order`,`Published`) VALUES ('','{FormId}','1','4','1' )]]></task>
<task type="eval" source="">$GLOBALS['q_ComponentId'] = $db->insertid();</task>
	<task type="query"><![CDATA[INSERT INTO `#__rsform_properties` (`PropertyId`,`ComponentId`,`PropertyName`,`PropertyValue`) VALUES ('','{ComponentId}','NAME','Phone number' )]]></task>
	<task type="query"><![CDATA[INSERT INTO `#__rsform_properties` (`PropertyId`,`ComponentId`,`PropertyName`,`PropertyValue`) VALUES ('','{ComponentId}','CAPTION','Số điện thoại' )]]></task>
	<task type="query"><![CDATA[INSERT INTO `#__rsform_properties` (`PropertyId`,`ComponentId`,`PropertyName`,`PropertyValue`) VALUES ('','{ComponentId}','REQUIRED','YES' )]]></task>
	<task type="query"><![CDATA[INSERT INTO `#__rsform_properties` (`PropertyId`,`ComponentId`,`PropertyName`,`PropertyValue`) VALUES ('','{ComponentId}','SIZE','50' )]]></task>
	<task type="query"><![CDATA[INSERT INTO `#__rsform_properties` (`PropertyId`,`ComponentId`,`PropertyName`,`PropertyValue`) VALUES ('','{ComponentId}','MAXSIZE','' )]]></task>
	<task type="query"><![CDATA[INSERT INTO `#__rsform_properties` (`PropertyId`,`ComponentId`,`PropertyName`,`PropertyValue`) VALUES ('','{ComponentId}','VALIDATIONRULE','none' )]]></task>
	<task type="query"><![CDATA[INSERT INTO `#__rsform_properties` (`PropertyId`,`ComponentId`,`PropertyName`,`PropertyValue`) VALUES ('','{ComponentId}','VALIDATIONMESSAGE','Nhập số điện thoại?' )]]></task>
	<task type="query"><![CDATA[INSERT INTO `#__rsform_properties` (`PropertyId`,`ComponentId`,`PropertyName`,`PropertyValue`) VALUES ('','{ComponentId}','ADDITIONALATTRIBUTES','' )]]></task>
	<task type="query"><![CDATA[INSERT INTO `#__rsform_properties` (`PropertyId`,`ComponentId`,`PropertyName`,`PropertyValue`) VALUES ('','{ComponentId}','DEFAULTVALUE','' )]]></task>
	<task type="query"><![CDATA[INSERT INTO `#__rsform_properties` (`PropertyId`,`ComponentId`,`PropertyName`,`PropertyValue`) VALUES ('','{ComponentId}','DESCRIPTION','' )]]></task>
	<task type="query"><![CDATA[INSERT INTO `#__rsform_components` (`ComponentId`,`FormId`,`ComponentTypeId`,`Order`,`Published`) VALUES ('','{FormId}','1','5','1' )]]></task>
<task type="eval" source="">$GLOBALS['q_ComponentId'] = $db->insertid();</task>
	<task type="query"><![CDATA[INSERT INTO `#__rsform_properties` (`PropertyId`,`ComponentId`,`PropertyName`,`PropertyValue`) VALUES ('','{ComponentId}','NAME','Email' )]]></task>
	<task type="query"><![CDATA[INSERT INTO `#__rsform_properties` (`PropertyId`,`ComponentId`,`PropertyName`,`PropertyValue`) VALUES ('','{ComponentId}','CAPTION','E - mail' )]]></task>
	<task type="query"><![CDATA[INSERT INTO `#__rsform_properties` (`PropertyId`,`ComponentId`,`PropertyName`,`PropertyValue`) VALUES ('','{ComponentId}','REQUIRED','YES' )]]></task>
	<task type="query"><![CDATA[INSERT INTO `#__rsform_properties` (`PropertyId`,`ComponentId`,`PropertyName`,`PropertyValue`) VALUES ('','{ComponentId}','SIZE','50' )]]></task>
	<task type="query"><![CDATA[INSERT INTO `#__rsform_properties` (`PropertyId`,`ComponentId`,`PropertyName`,`PropertyValue`) VALUES ('','{ComponentId}','MAXSIZE','' )]]></task>
	<task type="query"><![CDATA[INSERT INTO `#__rsform_properties` (`PropertyId`,`ComponentId`,`PropertyName`,`PropertyValue`) VALUES ('','{ComponentId}','VALIDATIONRULE','email' )]]></task>
	<task type="query"><![CDATA[INSERT INTO `#__rsform_properties` (`PropertyId`,`ComponentId`,`PropertyName`,`PropertyValue`) VALUES ('','{ComponentId}','VALIDATIONMESSAGE','Nhập địa chỉ e-mail?' )]]></task>
	<task type="query"><![CDATA[INSERT INTO `#__rsform_properties` (`PropertyId`,`ComponentId`,`PropertyName`,`PropertyValue`) VALUES ('','{ComponentId}','ADDITIONALATTRIBUTES','' )]]></task>
	<task type="query"><![CDATA[INSERT INTO `#__rsform_properties` (`PropertyId`,`ComponentId`,`PropertyName`,`PropertyValue`) VALUES ('','{ComponentId}','DEFAULTVALUE','' )]]></task>
	<task type="query"><![CDATA[INSERT INTO `#__rsform_properties` (`PropertyId`,`ComponentId`,`PropertyName`,`PropertyValue`) VALUES ('','{ComponentId}','DESCRIPTION','' )]]></task>
	<task type="query"><![CDATA[INSERT INTO `#__rsform_components` (`ComponentId`,`FormId`,`ComponentTypeId`,`Order`,`Published`) VALUES ('','{FormId}','1','6','1' )]]></task>
<task type="eval" source="">$GLOBALS['q_ComponentId'] = $db->insertid();</task>
	<task type="query"><![CDATA[INSERT INTO `#__rsform_properties` (`PropertyId`,`ComponentId`,`PropertyName`,`PropertyValue`) VALUES ('','{ComponentId}','NAME','Number product' )]]></task>
	<task type="query"><![CDATA[INSERT INTO `#__rsform_properties` (`PropertyId`,`ComponentId`,`PropertyName`,`PropertyValue`) VALUES ('','{ComponentId}','CAPTION','Số lượng đặt hàng' )]]></task>
	<task type="query"><![CDATA[INSERT INTO `#__rsform_properties` (`PropertyId`,`ComponentId`,`PropertyName`,`PropertyValue`) VALUES ('','{ComponentId}','REQUIRED','YES' )]]></task>
	<task type="query"><![CDATA[INSERT INTO `#__rsform_properties` (`PropertyId`,`ComponentId`,`PropertyName`,`PropertyValue`) VALUES ('','{ComponentId}','SIZE','50' )]]></task>
	<task type="query"><![CDATA[INSERT INTO `#__rsform_properties` (`PropertyId`,`ComponentId`,`PropertyName`,`PropertyValue`) VALUES ('','{ComponentId}','MAXSIZE','' )]]></task>
	<task type="query"><![CDATA[INSERT INTO `#__rsform_properties` (`PropertyId`,`ComponentId`,`PropertyName`,`PropertyValue`) VALUES ('','{ComponentId}','VALIDATIONRULE','numeric' )]]></task>
	<task type="query"><![CDATA[INSERT INTO `#__rsform_properties` (`PropertyId`,`ComponentId`,`PropertyName`,`PropertyValue`) VALUES ('','{ComponentId}','VALIDATIONMESSAGE','Nhập số lượng cần mua?' )]]></task>
	<task type="query"><![CDATA[INSERT INTO `#__rsform_properties` (`PropertyId`,`ComponentId`,`PropertyName`,`PropertyValue`) VALUES ('','{ComponentId}','ADDITIONALATTRIBUTES','' )]]></task>
	<task type="query"><![CDATA[INSERT INTO `#__rsform_properties` (`PropertyId`,`ComponentId`,`PropertyName`,`PropertyValue`) VALUES ('','{ComponentId}','DEFAULTVALUE','' )]]></task>
	<task type="query"><![CDATA[INSERT INTO `#__rsform_properties` (`PropertyId`,`ComponentId`,`PropertyName`,`PropertyValue`) VALUES ('','{ComponentId}','DESCRIPTION','' )]]></task>
	<task type="query"><![CDATA[INSERT INTO `#__rsform_components` (`ComponentId`,`FormId`,`ComponentTypeId`,`Order`,`Published`) VALUES ('','{FormId}','3','7','1' )]]></task>
<task type="eval" source="">$GLOBALS['q_ComponentId'] = $db->insertid();</task>
	<task type="query"><![CDATA[INSERT INTO `#__rsform_properties` (`PropertyId`,`ComponentId`,`PropertyName`,`PropertyValue`) VALUES ('','{ComponentId}','NAME','Payment method' )]]></task>
	<task type="query"><![CDATA[INSERT INTO `#__rsform_properties` (`PropertyId`,`ComponentId`,`PropertyName`,`PropertyValue`) VALUES ('','{ComponentId}','CAPTION','Phương thức thanh toán' )]]></task>
	<task type="query"><![CDATA[INSERT INTO `#__rsform_properties` (`PropertyId`,`ComponentId`,`PropertyName`,`PropertyValue`) VALUES ('','{ComponentId}','SIZE','1' )]]></task>
	<task type="query"><![CDATA[INSERT INTO `#__rsform_properties` (`PropertyId`,`ComponentId`,`PropertyName`,`PropertyValue`) VALUES ('','{ComponentId}','MULTIPLE','NO' )]]></task>
	<task type="query"><![CDATA[INSERT INTO `#__rsform_properties` (`PropertyId`,`ComponentId`,`PropertyName`,`PropertyValue`) VALUES ('','{ComponentId}','ITEMS','Thanh toán khi giao hàng\r\nThanh toán bằng chuyển khoản' )]]></task>
	<task type="query"><![CDATA[INSERT INTO `#__rsform_properties` (`PropertyId`,`ComponentId`,`PropertyName`,`PropertyValue`) VALUES ('','{ComponentId}','REQUIRED','YES' )]]></task>
	<task type="query"><![CDATA[INSERT INTO `#__rsform_properties` (`PropertyId`,`ComponentId`,`PropertyName`,`PropertyValue`) VALUES ('','{ComponentId}','ADDITIONALATTRIBUTES','' )]]></task>
	<task type="query"><![CDATA[INSERT INTO `#__rsform_properties` (`PropertyId`,`ComponentId`,`PropertyName`,`PropertyValue`) VALUES ('','{ComponentId}','DESCRIPTION','' )]]></task>
	<task type="query"><![CDATA[INSERT INTO `#__rsform_properties` (`PropertyId`,`ComponentId`,`PropertyName`,`PropertyValue`) VALUES ('','{ComponentId}','VALIDATIONMESSAGE','Chọn phương thức thanh toán?' )]]></task>
	<task type="query"><![CDATA[INSERT INTO `#__rsform_components` (`ComponentId`,`FormId`,`ComponentTypeId`,`Order`,`Published`) VALUES ('','{FormId}','2','8','1' )]]></task>
<task type="eval" source="">$GLOBALS['q_ComponentId'] = $db->insertid();</task>
	<task type="query"><![CDATA[INSERT INTO `#__rsform_properties` (`PropertyId`,`ComponentId`,`PropertyName`,`PropertyValue`) VALUES ('','{ComponentId}','NAME','nothing' )]]></task>
	<task type="query"><![CDATA[INSERT INTO `#__rsform_properties` (`PropertyId`,`ComponentId`,`PropertyName`,`PropertyValue`) VALUES ('','{ComponentId}','CAPTION','Yêu cầu khác' )]]></task>
	<task type="query"><![CDATA[INSERT INTO `#__rsform_properties` (`PropertyId`,`ComponentId`,`PropertyName`,`PropertyValue`) VALUES ('','{ComponentId}','REQUIRED','NO' )]]></task>
	<task type="query"><![CDATA[INSERT INTO `#__rsform_properties` (`PropertyId`,`ComponentId`,`PropertyName`,`PropertyValue`) VALUES ('','{ComponentId}','COLS','60' )]]></task>
	<task type="query"><![CDATA[INSERT INTO `#__rsform_properties` (`PropertyId`,`ComponentId`,`PropertyName`,`PropertyValue`) VALUES ('','{ComponentId}','ROWS','5' )]]></task>
	<task type="query"><![CDATA[INSERT INTO `#__rsform_properties` (`PropertyId`,`ComponentId`,`PropertyName`,`PropertyValue`) VALUES ('','{ComponentId}','VALIDATIONRULE','none' )]]></task>
	<task type="query"><![CDATA[INSERT INTO `#__rsform_properties` (`PropertyId`,`ComponentId`,`PropertyName`,`PropertyValue`) VALUES ('','{ComponentId}','VALIDATIONMESSAGE','Invalid Input' )]]></task>
	<task type="query"><![CDATA[INSERT INTO `#__rsform_properties` (`PropertyId`,`ComponentId`,`PropertyName`,`PropertyValue`) VALUES ('','{ComponentId}','ADDITIONALATTRIBUTES','' )]]></task>
	<task type="query"><![CDATA[INSERT INTO `#__rsform_properties` (`PropertyId`,`ComponentId`,`PropertyName`,`PropertyValue`) VALUES ('','{ComponentId}','DEFAULTVALUE','' )]]></task>
	<task type="query"><![CDATA[INSERT INTO `#__rsform_properties` (`PropertyId`,`ComponentId`,`PropertyName`,`PropertyValue`) VALUES ('','{ComponentId}','DESCRIPTION','' )]]></task>
	<task type="query"><![CDATA[INSERT INTO `#__rsform_properties` (`PropertyId`,`ComponentId`,`PropertyName`,`PropertyValue`) VALUES ('','{ComponentId}','WYSIWYG','NO' )]]></task>
	<task type="query"><![CDATA[INSERT INTO `#__rsform_components` (`ComponentId`,`FormId`,`ComponentTypeId`,`Order`,`Published`) VALUES ('','{FormId}','13','9','1' )]]></task>
<task type="eval" source="">$GLOBALS['q_ComponentId'] = $db->insertid();</task>
	<task type="query"><![CDATA[INSERT INTO `#__rsform_properties` (`PropertyId`,`ComponentId`,`PropertyName`,`PropertyValue`) VALUES ('','{ComponentId}','NAME','Submit' )]]></task>
	<task type="query"><![CDATA[INSERT INTO `#__rsform_properties` (`PropertyId`,`ComponentId`,`PropertyName`,`PropertyValue`) VALUES ('','{ComponentId}','LABEL','Đặt hàng' )]]></task>
	<task type="query"><![CDATA[INSERT INTO `#__rsform_properties` (`PropertyId`,`ComponentId`,`PropertyName`,`PropertyValue`) VALUES ('','{ComponentId}','CAPTION','' )]]></task>
	<task type="query"><![CDATA[INSERT INTO `#__rsform_properties` (`PropertyId`,`ComponentId`,`PropertyName`,`PropertyValue`) VALUES ('','{ComponentId}','RESET','YES' )]]></task>
	<task type="query"><![CDATA[INSERT INTO `#__rsform_properties` (`PropertyId`,`ComponentId`,`PropertyName`,`PropertyValue`) VALUES ('','{ComponentId}','RESETLABEL','Nhập lại' )]]></task>
	<task type="query"><![CDATA[INSERT INTO `#__rsform_properties` (`PropertyId`,`ComponentId`,`PropertyName`,`PropertyValue`) VALUES ('','{ComponentId}','ADDITIONALATTRIBUTES','' )]]></task>
</tasks>
</RSinstall>